name,category,price,description,size,tags
Margherita Pizza,Pizza,18.50,Fresh mozzarella with basil and San Marzano tomato sauce on wood-fired crust,Large (12"),vegetarian,classic
Caesar Salad,Salads,12.00,Crispy romaine lettuce with parmesan cheese and house-made croutons,Regular,vegetarian
Grilled Salmon,Main Course,26.00,Atlantic salmon fillet with seasonal roasted vegetables and lemon herb butter,8oz,healthy,gluten-free
Spaghetti Carbonara,Pasta,16.50,Traditional Roman pasta with eggs cream pancetta and pecorino,Regular,classic
Chicken Wings,Appetizers,10.99,Spicy buffalo wings served with blue cheese dressing and celery sticks,12 pieces,spicy
House Wine,Beverages,7.50,Italian red or white wine by the glass,5oz glass,alcohol
Tiramisu,Desserts,8.50,Traditional Italian dessert with mascarpone coffee-soaked ladyfingers and cocoa,Individual,classic,coffee
French Fries,Sides,4.50,Crispy golden fries with sea salt,Regular,vegan,vegetarian
Bruschetta,Appetizers,9.00,Toasted artisan bread topped with fresh tomatoes basil garlic and olive oil,3 pieces,vegetarian,vegan
Espresso,Beverages,3.50,Double shot of rich Italian espresso,Double shot,coffee
